{"train_time": 135.06382250785828, "test_auc": 0.5463090612858754, "test_time": 2.7200140953063965}